rank,rank_change,brand,model,vehicle,units_sold,segment,powertrain,target_tag,image_url,price_url,catalog_url,active,note,image_file,image_source_url,image_review_status,image_source_type,source_period
1,-,테슬라,Model Y,테슬라 Model Y,"9,638",전기차,전기,전기차/법인/출퇴근/친환경,https://digitalassets.tesla.com/tesla-contents/image/upload/f_auto%2Cq_auto/Model-Y-2-Specs-LR-AWD-Desktop-KR.png,https://www.tesla.com/ko_kr/modely/design,,Y,Tesla 대한민국 공식 Model Y 가격·구성 페이지 (10월 2일 한국 트림·원화 표시 확인),,https://www.tesla.com/ko_kr/modely,approved,official_site,수입 2026-08
2,▲1,현대,더 뉴 그랜저,현대 더 뉴 그랜저,"8,898",세단,,개인/법인/출퇴근,https://www.hyundaimotorgroup.com/image/upload/asset_library/MDA00000000000078838/72dabdc6092f4644b18f9ece68bd5a1d.jpg,https://www.hyundai.com/contents/repn-car/catalog/the-new-grandeur-price.pdf,https://www.hyundai.com/contents/repn-car/catalog/the-new-grandeur-catalog.pdf,Y,현대 공식 다운로드 목록에서 확인한 더 뉴 그랜저 가격표·카탈로그 (2026-10-02 확인); 하이브리드 가격표는 별도,,https://www.hyundaimotorgroup.com/ko/news/hyundai-new-grandeur-design-reveal,approved,official_newsroom,국산 2026-09
3,▼1,기아,쏘렌토,기아 쏘렌토,"6,957",SUV,,패밀리/장기렌트/레저,https://www.hyundaimotorgroup.com/image/upload/asset_library/MDA00000000000040413/bca92877fb8e4dc786a40be04246d481.jpg,https://www.kia.com/content/dam/kwp/kr/ko/vehicles/pdf/price/price_sorento.pdf,https://www.kia.com/content/dam/kwp/kr/ko/vehicles/pdf/catalog/catalog_sorento.pdf,Y,기아 공식 가격표·카탈로그 PDF,,https://www.hyundaimotorgroup.com/ko/news/CONT0000000000102538,approved,official_newsroom,국산 2026-09
4,▲36,현대,디 올 뉴 아반떼,현대 디 올 뉴 아반떼,"6,945",세단,,개인/법인/출퇴근,https://www.hyundai.com/contents/repn-car/side-45/avante-27fc-45side.png,https://www.hyundai.com/contents/repn-car/catalog/the-all-new-avante_price.pdf,https://www.hyundai.com/contents/repn-car/catalog/the-all-new-avante-catalog.pdf,Y,현대 공식 다운로드 목록에서 확인한 디 올 뉴 아반떼 가격표·카탈로그 (2026-10-02 확인); 하이브리드 가격표는 별도,,https://www.hyundai.com/kr/ko/vehicles/avante,approved,official_site,국산 2026-09
5,-,기아,스포티지,기아 스포티지,"5,497",SUV,,패밀리/장기렌트/레저,https://www.hyundaimotorgroup.com/image/upload/asset_library/MDA00000000000055596/f5032236de1845668952429b49fed1a1.jpg,https://www.kia.com/content/dam/kwp/kr/ko/vehicles/pdf/price/price_sportage.pdf,https://www.kia.com/content/dam/kwp/kr/ko/vehicles/pdf/catalog/catalog_sportage.pdf,Y,기아 공식 가격표·카탈로그 PDF,,https://www.hyundaimotorgroup.com/ko/news/CONT0000000000163986,approved,official_newsroom,국산 2026-09
6,▲2,기아,셀토스,기아 셀토스,"5,422",SUV,,패밀리/장기렌트/레저,https://www.kia.com/content/dam/kwp/kr/ko/vehicles/represent/krst290/seltos_s_swp.png?imwidth=800,https://www.kia.com/content/dam/kwp/kr/ko/vehicles/pdf/price/price_seltos.pdf,https://www.kia.com/content/dam/kwp/kr/ko/vehicles/pdf/catalog/catalog_seltos.pdf,Y,기아 공식 가격표·카탈로그 PDF,,https://www.kia.com/kr/vehicles/seltos/features,approved,official_site,국산 2026-09
7,▼3,기아,카니발,기아 카니발,"5,286",MPV,,패밀리/법인/의전/다인승,https://www.hyundaimotorgroup.com/image/upload/asset_library/MDA00000000000066415/a4eacd7bc434453391b974d6ccd14ae7.jpg,https://www.kia.com/content/dam/kwp/kr/ko/vehicles/pdf/price/price_carnival.pdf,https://www.kia.com/content/dam/kwp/kr/ko/vehicles/pdf/catalog/catalog_carnival.pdf,Y,기아 공식 가격표·카탈로그 PDF,,https://www.hyundaimotorgroup.com/ko/news/CONT0000000000183309,approved,official_newsroom,국산 2026-09
8,▲3,현대,쏘나타 디 엣지,현대 쏘나타 디 엣지,"4,153",세단,,개인/법인/출퇴근,https://www.hyundaimotorgroup.com/image/upload/asset_library/MDA00000000000070421/99fc6d4804ec46b2a2ef88726195d0a1.jpg,https://www.hyundai.com/contents/repn-car/catalog/sonata-the-edge2026-price.pdf,https://www.hyundai.com/contents/repn-car/catalog/sonata-the-edge_catalog.pdf,Y,현대 공식 다운로드 목록에서 확인한 쏘나타 디 엣지 가격표·카탈로그 (2026-10-02 확인); 하이브리드 가격표는 별도,,https://www.hyundaimotorgroup.com/ko/news/CONT0000000000188025,approved,official_newsroom,국산 2026-09
9,▲3,기아,레이,기아 레이,"3,382",경차/소형,,가성비/단기렌트/대차/도심형,https://www.kia.com/content/dam/kwp/kr/ko/vehicles/represent/krtm257/ray_s_m9y.png?imwidth=800,https://www.kia.com/content/dam/kwp/kr/ko/vehicles/pdf/price/price_ray.pdf,https://www.kia.com/content/dam/kwp/kr/ko/vehicles/pdf/catalog/catalog_ray.pdf,Y,기아 공식 가격표·카탈로그 PDF,,https://www.kia.com/kr/vehicles/ray/features,approved,official_site,국산 2026-09
10,▼3,현대,싼타페,현대 싼타페,"3,217",SUV,,패밀리/장기렌트/레저,https://www.hyundaimotorgroup.com/image/upload/asset_library/MDA00000000000066001/d794bf4766ef47eb8ad8a13f8e4f80e2.jpg,https://www.hyundai.com/contents/repn-car/catalog/santafe-2026-price.pdf,https://www.hyundai.com/contents/repn-car/catalog/santafe-catalog.pdf,Y,현대 공식 다운로드 목록에서 확인한 싼타페 가격표·카탈로그 (2026-10-02 확인); 하이브리드 가격표는 별도,,https://www.hyundaimotorgroup.com/ko/news/CONT0000000000182689,approved,official_newsroom,국산 2026-09
11,▲6,현대,디 올 뉴 팰리세이드,현대 디 올 뉴 팰리세이드,"2,965",SUV,,패밀리/장기렌트/레저,https://www.hyundai.com/contents/repn-car/side-45/meta-palisade-25fc-45side.png,https://www.hyundai.com/contents/repn-car/catalog/palisade-2027-price.pdf,https://www.hyundai.com/contents/repn-car/catalog/palisade-catalog.pdf,Y,현대 공식 다운로드 목록에서 확인한 팰리세이드 가격표·카탈로그 (2026-10-02 확인); 하이브리드 가격표는 별도,,https://www.hyundai.com/kr/ko/e/vehicles/palisade/intro,approved,official_site,국산 2026-09
12,▲3,기아,K5,기아 K5,"2,916",세단,,개인/법인/출퇴근,https://www.kia.com/content/dam/kwp/kr/ko/vehicles/represent/krdl308/k5_s_c7s.png?imwidth=800,https://www.kia.com/content/dam/kwp/kr/ko/vehicles/pdf/price/price_k5.pdf,https://www.kia.com/content/dam/kwp/kr/ko/vehicles/pdf/catalog/catalog_k5.pdf,Y,기아 공식 가격표·카탈로그 PDF,,https://www.kia.com/kr/vehicles/k5/features,approved,official_site,국산 2026-09
13,▼7,현대,포터2,현대 포터2,"2,845",상용/업무용,,법인/소상공인/물류/업무용,https://www.hyundai.com/contents/repn-car/side-45/porter2-26my-45side.png,https://www.hyundai.com/contents/repn-car/catalog/porter2-2026-price.pdf,https://www.hyundai.com/contents/repn-car/catalog/porter2-catalog.pdf,Y,"현대 공식 다운로드 목록에서 확인한 포터 II 가격표·카탈로그 (2026-10-02 확인); 일반차 기준, 특장차 가격표 별도",,https://www.hyundai.com/kr/ko/e/vehicles/porter2/intro,approved,official_site,국산 2026-09
14,▲8,기아,모닝,기아 모닝,"2,522",경차/소형,,가성비/단기렌트/대차/도심형,https://www.kia.com/content/dam/kwp/kr/ko/vehicles/represent/krja305/morning_s_a2g.png?imwidth=800,https://www.kia.com/content/dam/kwp/kr/ko/vehicles/pdf/price/price_morning.pdf,https://www.kia.com/content/dam/kwp/kr/ko/vehicles/pdf/catalog/catalog_morning.pdf,Y,기아 공식 가격표·카탈로그 PDF,,https://www.kia.com/kr/vehicles/morning/features,approved,official_site,국산 2026-09
15,▼5,기아,EV5,기아 EV5,"2,160",전기차,전기,전기차/법인/출퇴근/친환경,https://www.kia.com/content/dam/kwp/kr/ko/vehicles/represent/krov262/ev5_ovjj5va31_a_swp.png?imwidth=800,https://www.kia.com/content/dam/kwp/kr/ko/vehicles/pdf/price/price_ev5.pdf,https://www.kia.com/content/dam/kwp/kr/ko/vehicles/pdf/catalog/catalog_ev5.pdf,Y,기아 공식 가격표·카탈로그 PDF,,https://www.kia.com/kr/vehicles/ev5/features,approved,official_site,국산 2026-09
16,▼3,기아,봉고 3,기아 봉고 3,"2,126",상용/업무용,,법인/소상공인/물류/업무용,https://www.kia.com/content/dam/kwp/kr/ko/vehicles/represent/krb1183/bongo3_s_ud.png?imwidth=800,https://www.kia.com/content/dam/kwp/kr/ko/vehicles/pdf/price/price_bongo3.pdf,https://www.kia.com/content/dam/kwp/kr/ko/vehicles/pdf/catalog/catalog_bongo3.pdf,Y,"기아 공식 가격표·카탈로그 PDF (가격표 2026-09판, 2026-10-02 현재 공식 페이지 게시본)",,https://www.kia.com/kr/vehicles/bongo3/features,approved,official_site,국산 2026-09
17,▲3,현대,버스/트럭,현대 버스/트럭,"2,016",상용,,업무/상용/법인,https://www.hyundai.com/ccontents/carmng/KV00000515/mighty-key-visual.jpg,https://www.hyundai.com/kr/ko/c/purchase-guid/catalog,,Y,여러 상용차가 합산된 항목이므로 현대 공식 트럭·버스 전체 가격표 페이지로 연결; 이미지는 현대 마이티 대표 이미지입니다.,,https://www.hyundai.com/kr/ko/c/products/truck/mighty,approved,official_site,국산 2026-09
18,▲1,현대,더 뉴 스타리아,현대 더 뉴 스타리아,"2,001",MPV,,패밀리/법인/의전/다인승,https://www.hyundai.com/contents/repn-car/side-45/staria-26pe-45side.png,https://www.hyundai.com/contents/repn-car/catalog/the-new-staria_price.pdf,https://www.hyundai.com/contents/repn-car/catalog/the-new-staria_catalog.pdf,Y,"현대 공식 다운로드 목록에서 확인한 더 뉴 스타리아 가격표·카탈로그 (2026-10-02 확인); 하이브리드 가격표는 별도; 투어러·카고 기준, 라운지·리무진·하이브리드는 별도",,https://www.hyundai.com/kr/ko/e/vehicles/staria/intro,approved,official_site,국산 2026-09
19,▼3,BMW,5 Series,BMW 5 Series,"1,902",세단,,개인/법인/출퇴근,https://bmw.scene7.com/is/image/BMW/g60_ice_driving-dynamics_dsk_fb_en?fmt=webp&qlt=80&wid=1024,https://bmwfinancial.co.kr/bmw/bmw-pricelist-pdf/september_2026_pricelist.pdf,,Y,BMW 코리아 공식 2026년 9월 통합 가격표 (10월 2일 공식 홈페이지 연결 및 차종 적용 확인),,https://www.bmw.co.kr/ko/all-models/5-series/sedan/bmw-5-series-sedan-overview.html,approved,official_site,수입 2026-08
20,▼2,기아,PV5,기아 PV5,"1,888",상용/업무용,,법인/소상공인/물류/업무용,https://www.kia.com/content/dam/kwp/kr/ko/vehicles/represent/krw2316/pv5-cargo_s_ud.png?imwidth=800,https://www.kia.com/content/dam/kwp/kr/ko/vehicles/pdf/price/price_pv5-cargo.pdf,https://www.kia.com/content/dam/kwp/kr/ko/vehicles/pdf/price/price_pv5-passenger.pdf,Y,PV5 합산 판매량. 공식 카고 롱·패신저 가격표를 각각 연결; 차체·좌석 구성별 적용을 구분하세요.,,https://www.kia.com/kr/vehicles/pv5-cargo/features,approved,official_site,국산 2026-09
21,▲2,제네시스,G80,제네시스 G80,"1,866",세단,,개인/법인/출퇴근,https://www.hyundaimotorgroup.com/image/upload/asset_library/MDA00000000000074315/3f445ab7d17049a58590275a36392fcb.jpg,https://www.genesis.com/kr/ko/support/download-center/genesis-models.html?chngcaropt=000076,,Y,G80이 선택된 제네시스 공식 다운로드 센터; 2026년 10월 가격표·카탈로그 연결 확인 (2026-10-02),,https://www.hyundaimotorgroup.com/ko/news/CONT0000000000198453,approved,official_newsroom,국산 2026-09
22,▲3,제네시스,GV70,제네시스 GV70,"1,835",SUV,,패밀리/장기렌트/레저,https://www.hyundaimotorgroup.com/image/upload/asset_library/MDA00000000000081676/a8c1afe7b6eb4a658cbdd8e83a8d649f.jpg,https://www.genesis.com/kr/ko/support/download-center/genesis-models.html?chngcaropt=000119,,Y,GV70이 선택된 제네시스 공식 다운로드 센터; 2026년 10월 가격표·카탈로그 연결 확인 (2026-10-02),,https://www.hyundaimotorgroup.com/ko/news/genesis-2027-gv70-graphite-package,approved,official_newsroom,국산 2026-09
23,▲23,현대,투싼,현대 투싼,"1,825",SUV,,패밀리/장기렌트/레저,https://www.hyundai.com/contents/repn-car/side-45/tucson-26my-45side.png,https://www.hyundai.com/contents/repn-car/catalog/tucson-2026-price.pdf,https://www.hyundai.com/contents/repn-car/catalog/tucson-catalog.pdf,Y,현대 공식 다운로드 목록에서 확인한 투싼 가격표·카탈로그 (2026-10-02 확인); 하이브리드 가격표는 별도; 기존 2026 투싼용. 디 올 뉴 투싼과 구분,,https://www.hyundai.com/kr/ko/e/vehicles/tucson/intro,approved,official_site,국산 2026-09
24,▼10,기아,K8,기아 K8,"1,734",세단,,개인/법인/출퇴근,https://www.kia.com/content/dam/kwp/kr/ko/vehicles/represent/krgl301/k8_s_byg.png?imwidth=800,https://www.kia.com/content/dam/kwp/kr/ko/vehicles/pdf/price/price_k8.pdf,https://www.kia.com/content/dam/kwp/kr/ko/vehicles/pdf/catalog/catalog_k8.pdf,Y,기아 공식 가격표·카탈로그 PDF,,https://www.kia.com/kr/vehicles/k8/features,approved,official_site,국산 2026-09
25,▼16,기아,EV3,기아 EV3,"1,627",전기차,전기,전기차/법인/출퇴근/친환경,https://www.kia.com/content/dam/kwp/kr/ko/vehicles/represent/krsv292/ev3_s_ag3.png?imwidth=800,https://www.kia.com/content/dam/kwp/kr/ko/vehicles/pdf/price/price_ev3.pdf,https://www.kia.com/content/dam/kwp/kr/ko/vehicles/pdf/catalog/catalog_ev3.pdf,Y,기아 공식 가격표·카탈로그 PDF,,https://www.kia.com/kr/vehicles/ev3/features,approved,official_site,국산 2026-09
26,▲8,현대,코나,현대 코나,"1,605",SUV,,패밀리/장기렌트/레저,https://www.hyundai.com/contents/repn-car/side-45/kona-27my-45side.png,https://www.hyundai.com/contents/repn-car/catalog/kona-2027-price.pdf,https://www.hyundai.com/contents/repn-car/catalog/kona-catalog.pdf,Y,현대 공식 다운로드 목록에서 확인한 코나 가격표·카탈로그 (2026-10-02 확인); 하이브리드 가격표는 별도,,https://www.hyundai.com/kr/ko/e/vehicles/kona/intro,approved,official_site,국산 2026-09
27,▼6,벤츠,E-Class,벤츠 E-Class,"1,418",세단,,개인/법인/출퇴근,https://www.mercedes-benz.co.kr/content/dam/hq/passengercars/cars/e-class/e-class-saloon-w214-pi/modeloverview/02-2023/images/mercedes-benz-e-class-w214-modeloverview-696x392-02-2023.jpg,https://www.mercedes-benz.co.kr/content/dam/south-korea/passenger-cars/home/price-list/Mercedes-Benz-Korea-Price-List_261002.pdf,https://www.mercedes-benz.co.kr/content/dam/south-korea/passenger-cars/model/catalog/2026/Mercedes-Benz_The%20new%20E-Class_Catalogue_20260424.pdf,Y,벤츠 코리아 공식 2026년 10월 2일 통합 가격표. 카탈로그는 공식 최신 연결본인 2026년 4월 24일·26년식 기준,,https://www.mercedes-benz.co.kr/passengercars/models/saloon/e-class/overview.html,approved,official_site,수입 2026-08
28,▲1,기아,니로,기아 니로,"1,351",SUV,하이브리드,패밀리/장기렌트/레저,https://www.kia.com/content/dam/kwp/kr/ko/vehicles/represent/krsg300/niro-hybrid_s_cge.png?imwidth=800,https://www.kia.com/content/dam/kwp/kr/ko/vehicles/pdf/price/price_niro.pdf,https://www.kia.com/content/dam/kwp/kr/ko/vehicles/pdf/catalog/catalog_niro.pdf,Y,기아 공식 가격표·카탈로그 PDF,,https://www.kia.com/kr/vehicles/niro/features,approved,official_site,국산 2026-09
29,▼3,제네시스,GV80,제네시스 GV80,"1,261",SUV,,패밀리/장기렌트/레저,https://www.hyundaimotorgroup.com/image/upload/asset_library/MDA00000000000054334/706e5dd2de06414ebec774cad10b8756.jpg,https://www.genesis.com/kr/ko/support/download-center/genesis-models.html?chngcaropt=000072,,Y,GV80이 선택된 제네시스 공식 다운로드 센터; 2026년 10월 가격표·카탈로그 연결 확인 (2026-10-02),,https://www.hyundaimotorgroup.com/ko/news/CONT0000000000161667,approved,official_newsroom,국산 2026-09
30,▼6,현대,아이오닉 5,현대 아이오닉 5,"1,260",전기차,전기,전기차/법인/출퇴근/친환경,https://www.hyundai.com/contents/repn-car/side-45/ioniq5-27my-45side.png,https://www.hyundai.com/contents/repn-car/catalog/ioniq-5-2027-price.pdf,https://www.hyundai.com/contents/repn-car/catalog/ioniq5-catalog.pdf,Y,현대 공식 다운로드 목록에서 확인한 아이오닉 5 가격표·카탈로그 (2026-10-02 확인),,https://www.hyundai.com/kr/ko/e/vehicles/ioniq5/intro,approved,official_site,국산 2026-09
31,▼4,BYD,Dolphin,BYD Dolphin,"1,202",경차/소형,전기,전기차/출퇴근/도심형/가성비,https://www.bydauto.kr/static/images/model/byd_dolphin/spac_img1_2.png,https://www.bydauto.kr/purchase/build-my-car/dolphin,https://www.bydauto.kr/static/file/BYD_DOLPHIN_Catalog.pdf,Y,"BYD 코리아 공식 견적·카탈로그. 카탈로그 대표 성능은 Active 기준, 기본형과 구분",,https://www.bydauto.kr/car/byd-dolphin,approved,official_site,수입 2026-08
32,▲12,현대,스타리아 일렉트릭,현대 스타리아 일렉트릭,"1,087",MPV,전기,패밀리/법인/다인승/친환경,https://www.hyundaimotorgroup.com/image/upload/asset_library/MDA00000000000078578/3aa9d6d72627466db97088b8b69ac5f1.jpg,https://www.hyundai.com/contents/repn-car/catalog/the-new-staria-electric_price.pdf,https://www.hyundai.com/contents/repn-car/catalog/the-new-staria-eletric-catalog.pdf,Y,"현대 공식 다운로드 목록에서 확인한 더 뉴 스타리아 Electric 가격표·카탈로그 (2026-10-02 확인); 투어러·카고 기준, 라운지·리무진은 별도",,https://www.hyundaimotorgroup.com/ko/news/hyundai-motor-company-new-staria-electric-limousine-launch,approved,official_newsroom,국산 2026-09
33,▼3,르노,그랑 콜레오스,르노 그랑 콜레오스,"1,007",SUV,하이브리드,패밀리/장기렌트/레저,https://cdn.renault.co.kr/upload/asset/koleos/main_off.webp,https://cdn.renault.co.kr/upload/asset/price/price_koleos_202610.pdf,https://cdn.renault.co.kr/upload/asset/ebrochure/eBrochure_koleos_202610.pdf,Y,르노코리아 공식 2026년 10월 가격표·카탈로그 (2026-10-02 공식 다운로드 연결 확인),,https://www.renault.co.kr/ko/side/catalog_download.jsp,approved,official_site,국산 2026-09
34,▲2,현대,캐스퍼,현대 캐스퍼,859,경차/소형,,가성비/단기렌트/대차/도심형,https://www.hyundaimotorgroup.com/image/upload/asset_library/MDA00000000000064744/1b6f401b5a914ab9bf3b23b8581aabf9.jpg,https://casper.hyundai.com/wcontents/repn-car/catalog/AX08/AX_CASPER_price.pdf,https://casper.hyundai.com/wcontents/repn-car/catalog/AX08/AX_CASPER_catalog.pdf,Y,현대 캐스퍼 공식 2027 가솔린 가격표·카탈로그; 가격표 기준일 2026-07-15 (2026-10-02 공식 연결 확인),,https://www.hyundaimotorgroup.com/ko/news/CONT0000000000180743,approved,official_newsroom,국산 2026-09
35,▼7,기아,레이 EV,기아 레이 EV,848,경차/소형,전기,가성비/단기렌트/대차/도심형,https://www.kia.com/content/dam/kwp/kr/ko/vehicles/represent/krtm258/ray-ev_s_eu3.png?imwidth=800,https://www.kia.com/content/dam/kwp/kr/ko/vehicles/pdf/price/price_ray-ev.pdf,https://www.kia.com/content/dam/kwp/kr/ko/vehicles/pdf/catalog/catalog_ray-ev.pdf,Y,레이 EV 전용 공식 가격표·카탈로그,,https://www.kia.com/kr/vehicles/ray-ev/features,approved,official_site,국산 2026-09
36,▼5,BYD,SEALION 7,BYD SEALION 7,819,전기차,전기,전기차/법인/출퇴근/친환경,https://www.bydauto.kr/static/images/model/byd_sealion7/spac_img1_2.png,https://www.bydauto.kr/purchase/build-my-car/sealion7,https://www.bydauto.kr/static/file/BYD_SEALION_7_Catalog.pdf,Y,BYD 코리아 공식 견적·카탈로그. 기본·Plus·Dynamic AWD 적용 확인,,https://www.bydauto.kr/car/byd-sealion7,approved,official_site,수입 2026-08
37,▼4,현대,아이오닉 9,현대 아이오닉 9,760,전기차,전기,전기차/법인/출퇴근/친환경,https://www.hyundai.com/contents/repn-car/side-45/ioniq9-27my-45side.png,https://www.hyundai.com/contents/repn-car/catalog/ioniq9-2027-price.pdf,https://www.hyundai.com/contents/repn-car/catalog/ioniq9-catalog.pdf,Y,현대 공식 다운로드 목록에서 확인한 아이오닉 9 가격표·카탈로그 (2026-10-02 확인),,https://www.hyundai.com/kr/ko/e/vehicles/ioniq9/intro,approved,official_site,국산 2026-09
38,▲7,KGM,무쏘,KGM 무쏘,717,상용/업무용,,법인/소상공인/물류/업무용,https://www.kg-mobility.com/images/od/musso_2026.png,https://www.kg-mobility.com/attached/contents/display/file/200000200010009/20260930235631587_DTUhhe.pdf,https://www.kg-mobility.com/attached/contents/display/file/200000200010009/20260930235631342_MBxm14.pdf,Y,"KGM 공식 무쏘 가격표·카탈로그; 2026년 10월 게시본, 가솔린·디젤/스탠다드·롱데크 선택 확인 (2026-10-02)",,https://www.kg-mobility.com/pr/model/show-room/200000100030004,approved,official_site,국산 2026-09
39,▼2,테슬라,Model 3,테슬라 Model 3,693,세단,전기,전기차/개인/출퇴근/테크,"https://digitalassets.tesla.com/tesla-contents/image/upload/f_auto,q_auto/Model-3-Premium-Specs-Desktop-Metric-LHD-APAC.png",https://www.tesla.com/ko_kr/model3/design,,Y,Tesla 대한민국 공식 Model 3 가격·구성 페이지 (10월 2일 한국 트림·원화 표시 확인),,https://www.tesla.com/ko_kr/model3,approved,official_site,수입 2026-08
40,▲3,르노,아르카나,르노 아르카나,691,SUV,,패밀리/장기렌트/레저,https://cdn.renault.co.kr/ko/resource/img/upload/asset/arkana/main/overview_main_pc.webp,https://cdn.renault.co.kr/upload/asset/price/price_Arkana_202610.pdf,https://cdn.renault.co.kr/upload/asset/ebrochure/eBrochure_Arkana_202610.pdf,Y,르노코리아 공식 2026년 10월 가격표·카탈로그 (2026-10-02 공식 다운로드 연결 확인),,https://cdn.renault.co.kr/ko/model/arkana_overview.jsp?inBanner=RKMgnbOverviewArkana&inSeq=1,approved,official_site,국산 2026-09
41,▼3,BMW,X3,BMW X3,638,SUV,,패밀리/법인/프리미엄/레저,https://bmw.scene7.com/is/image/BMW/g45_ice_intro-1%3A16to7?fit=constrain%2C1&fmt=webp&wid=2560,https://bmwfinancial.co.kr/bmw/bmw-pricelist-pdf/september_2026_pricelist.pdf,,Y,BMW 코리아 공식 2026년 9월 통합 가격표 (10월 2일 공식 홈페이지 연결 및 차종 적용 확인),,https://www.bmw.co.kr/ko/all-models/x-series/x3/bmw-x3.html,approved,official_site,수입 2026-08
42,▲5,르노,필랑트,르노 필랑트,591,SUV,하이브리드,영업 참고,https://cdn.renault.co.kr/ko/resource/img/main/img_banner_filante.webp,https://cdn.renault.co.kr/upload/asset/price/price_filante_202610.pdf,https://cdn.renault.co.kr/upload/asset/ebrochure/eBrochure_filante_202610.pdf,Y,르노코리아 공식 2026년 10월 가격표·카탈로그 (2026-10-02 공식 다운로드 연결 확인),,https://cdn.renault.co.kr/ko/model/filante_overview.jsp,approved,official_site,국산 2026-09
43,▼2,벤츠,GLC-Class,벤츠 GLC-Class,591,SUV,,패밀리/법인/프리미엄/레저,https://www.mercedes-benz.co.kr/content/dam/hq/passengercars/cars/glc/suv-x254/modeloverview/images/mercedes-benz-glc-suv-x254-modeloverview-696x392-05-2022.png,https://www.mercedes-benz.co.kr/content/dam/south-korea/passenger-cars/home/price-list/Mercedes-Benz-Korea-Price-List_261002.pdf,https://www.mercedes-benz.co.kr/content/dam/south-korea/passenger-cars/model/catalog/2026/The%20new%20GLC%20n%20GLC%20Coupe_Catalogue_20260424.pdf,Y,벤츠 코리아 공식 2026년 10월 2일 통합 가격표. GLC·GLC Coupé 카탈로그는 26년식 기준으로 27년식 사양과 구분,,https://www.mercedes-benz.co.kr/passengercars/models/suv/glc/overview.html,approved,official_site,수입 2026-08
44,▼5,쉐보레,트랙스 크로스오버,쉐보레 트랙스 크로스오버,588,SUV,가솔린,개인/출퇴근/소형SUV/가성비,https://www.chevrolet.co.kr/content/dam/chevrolet/as/kr/ko/index/suvs/2026/trax/masthead/v3/trax-mast-l-xl.jpg?imwidth=1200,https://www.chevrolet.co.kr/content/dam/chevrolet/as/kr/ko/index/finance/type-price/2026/11-pdf/2026%EB%85%84-10%EC%9B%94-%EC%A0%84%EC%B0%A8%EC%A2%85-%EA%B0%80%EA%B2%A9%ED%91%9C.pdf,,Y,쉐보레 공식 2026년 10월 전차종 가격표; 트랙스 크로스오버 2026 수록 (2026-10-02 공식 연결 확인),,https://www.chevrolet.co.kr/cuvs/trax-crossover,approved,official_site,국산 2026-09
45,▲5,현대,포터2 일렉트릭,현대 포터2 일렉트릭,575,상용/업무용,전기,법인/소상공인/물류/업무용,https://www.hyundai.com/contents/repn-car/side-45/porter2-electric-26my-45side.png,https://www.hyundai.com/contents/repn-car/catalog/porter2-electric-2026-price.pdf,https://www.hyundai.com/contents/repn-car/catalog/porter2-electric_catalog.pdf,Y,"현대 공식 2026 포터 II Electric 가격표. LPG·Electric 통합 카탈로그의 전기차 소개는 7쪽, 제원은 12쪽; 일반차 기준, 특장차 별도 (2026-10-02 확인)",,https://www.hyundai.com/kr/ko/e/vehicles/porter2-electric/intro,approved,official_site,국산 2026-09
46,NEW,현대,더 뉴 아이오닉 6,현대 더 뉴 아이오닉 6,522,세단,전기,전기차/법인/출퇴근/친환경,https://www.hyundai.com/contents/repn-car/side-45/ioniq6-25fl-45side.png,https://www.hyundai.com/contents/repn-car/catalog/ioniq6-pe_price.pdf,https://www.hyundai.com/contents/repn-car/catalog/the-new-ioniq6-catalog.pdf,Y,"현대 공식 다운로드 목록에서 확인한 더 뉴 아이오닉 6 가격표·카탈로그 (2026-10-02 확인); 더 뉴 아이오닉 6 일반·N Line, 아이오닉 6 N 별도",,https://www.hyundai.com/kr/ko/e/vehicles/the-new-ioniq6/intro,approved,official_site,국산 2026-09
47,▲1,BYD,SEALION 6 DM-i,BYD SEALION 6 DM-i,500,SUV,플러그인 하이브리드,패밀리/장기렌트/하이브리드/레저,https://www.bydauto.kr/static/images/model/byd_sealion6/spec_img1_2.png,https://www.bydauto.kr/purchase/build-my-car/sealion6,https://www.bydauto.kr/static/file/BYD_SEALION_6_DM-i_Catalog.pdf,Y,BYD 코리아 공식 SEALION 6 DM-i 견적·카탈로그 (PHEV 전용 적용 확인),,https://www.bydauto.kr/car/byd-sealion6,approved,official_site,수입 2026-08
48,▼13,기아,EV4,기아 EV4,498,전기차,전기,전기차/법인/출퇴근/친환경,https://www.kia.com/content/dam/kwp/kr/ko/vehicles/represent/krct294/ev4_s_swp.png?imwidth=800,https://www.kia.com/content/dam/kwp/kr/ko/vehicles/pdf/price/price_ev4.pdf,https://www.kia.com/content/dam/kwp/kr/ko/vehicles/pdf/catalog/catalog_ev4.pdf,Y,기아 공식 가격표·카탈로그 PDF,,https://www.kia.com/kr/vehicles/ev4/features,approved,official_site,국산 2026-09
49,-,BMW,X5,BMW X5,485,SUV,가솔린/디젤/PHEV,패밀리/법인/프리미엄/레저,https://bmw.scene7.com/is/image/BMW/BMW-SEPTEMBER2026-OFFERS-X5-xDrive40i?wid=1200&hei=800,https://bmwfinancial.co.kr/bmw/bmw-pricelist-pdf/september_2026_pricelist.pdf,,Y,BMW 코리아 공식 2026년 9월 통합 가격표 (10월 2일 공식 홈페이지 연결 및 차종 적용 확인),,https://www.bmw.co.kr/ko/all-models/x-series/x5/bmw-x5.html,approved,official_site,수입 2026-08
50,NEW,현대,캐스퍼 일렉트릭,현대 캐스퍼 일렉트릭,478,경차/소형,전기,전기차/법인/출퇴근/친환경,https://www.hyundaimotorgroup.com/image/upload/asset_library/MDA00000000000082226/e2ec25b345d3463484e930a94de5f651.jpg,https://casper.hyundai.com/wcontents/repn-car/catalog/AX07/AX_CASPER_Electric_price.pdf,https://casper.hyundai.com/wcontents/repn-car/catalog/AX07/AX_CASPER_Electric_catalog.pdf,Y,현대 캐스퍼 공식 2027 일렉트릭 가격표·카탈로그; 가격표 기준일 2026-07-15 (2026-10-02 공식 연결 확인),,https://www.hyundaimotorgroup.com/ko/news/hyundai-motor-company-casper-electric-2027,approved,official_newsroom,국산 2026-09
