rank,brand,model,units_sold,source_period
1,테슬라,Model Y,9638,수입 2026-08
2,현대,더 뉴 그랜저,8898,국산 2026-09
3,기아,쏘렌토,6957,국산 2026-09
4,현대,디 올 뉴 아반떼,6945,국산 2026-09
5,기아,스포티지,5497,국산 2026-09
6,기아,셀토스,5422,국산 2026-09
7,기아,카니발,5286,국산 2026-09
8,현대,쏘나타 디 엣지,4153,국산 2026-09
9,기아,레이,3382,국산 2026-09
10,현대,싼타페,3217,국산 2026-09
11,현대,디 올 뉴 팰리세이드,2965,국산 2026-09
12,기아,K5,2916,국산 2026-09
13,현대,포터2,2845,국산 2026-09
14,기아,모닝,2522,국산 2026-09
15,기아,EV5,2160,국산 2026-09
16,기아,봉고 3,2126,국산 2026-09
17,현대,버스/트럭,2016,국산 2026-09
18,현대,더 뉴 스타리아,2001,국산 2026-09
19,BMW,5 Series,1902,수입 2026-08
20,기아,PV5,1888,국산 2026-09
21,제네시스,G80,1866,국산 2026-09
22,제네시스,GV70,1835,국산 2026-09
23,현대,투싼,1825,국산 2026-09
24,기아,K8,1734,국산 2026-09
25,기아,EV3,1627,국산 2026-09
26,현대,코나,1605,국산 2026-09
27,벤츠,E-Class,1418,수입 2026-08
28,기아,니로,1351,국산 2026-09
29,제네시스,GV80,1261,국산 2026-09
30,현대,아이오닉 5,1260,국산 2026-09
31,BYD,Dolphin,1202,수입 2026-08
32,현대,스타리아 일렉트릭,1087,국산 2026-09
33,르노,그랑 콜레오스,1007,국산 2026-09
34,현대,캐스퍼,859,국산 2026-09
35,기아,레이 EV,848,국산 2026-09
36,BYD,SEALION 7,819,수입 2026-08
37,현대,아이오닉 9,760,국산 2026-09
38,KGM,무쏘,717,국산 2026-09
39,테슬라,Model 3,693,수입 2026-08
40,르노,아르카나,691,국산 2026-09
41,BMW,X3,638,수입 2026-08
42,르노,필랑트,591,국산 2026-09
43,벤츠,GLC-Class,591,수입 2026-08
44,쉐보레,트랙스 크로스오버,588,국산 2026-09
45,현대,포터2 일렉트릭,575,국산 2026-09
46,현대,더 뉴 아이오닉 6,522,국산 2026-09
47,BYD,SEALION 6 DM-i,500,수입 2026-08
48,기아,EV4,498,국산 2026-09
49,BMW,X5,485,수입 2026-08
50,현대,캐스퍼 일렉트릭,478,국산 2026-09
