brand,model,units_sold,source_period
현대,더 뉴 그랜저,8898,국산 2026-09
기아,쏘렌토,6957,국산 2026-09
현대,디 올 뉴 아반떼,6945,국산 2026-09
기아,스포티지,5497,국산 2026-09
기아,셀토스,5422,국산 2026-09
기아,카니발,5286,국산 2026-09
현대,쏘나타 디 엣지,4153,국산 2026-09
기아,레이,3382,국산 2026-09
현대,싼타페,3217,국산 2026-09
현대,디 올 뉴 팰리세이드,2965,국산 2026-09
기아,K5,2916,국산 2026-09
현대,포터2,2845,국산 2026-09
기아,모닝,2522,국산 2026-09
기아,EV5,2160,국산 2026-09
기아,봉고 3,2126,국산 2026-09
현대,버스/트럭,2016,국산 2026-09
현대,더 뉴 스타리아,2001,국산 2026-09
기아,PV5,1888,국산 2026-09
제네시스,G80,1866,국산 2026-09
제네시스,GV70,1835,국산 2026-09
현대,투싼,1825,국산 2026-09
기아,K8,1734,국산 2026-09
기아,EV3,1627,국산 2026-09
현대,코나,1605,국산 2026-09
기아,니로,1351,국산 2026-09
제네시스,GV80,1261,국산 2026-09
현대,아이오닉 5,1260,국산 2026-09
현대,스타리아 일렉트릭,1087,국산 2026-09
르노,그랑 콜레오스,1007,국산 2026-09
현대,캐스퍼,859,국산 2026-09
기아,레이 EV,848,국산 2026-09
현대,아이오닉 9,760,국산 2026-09
KGM,무쏘,717,국산 2026-09
르노,아르카나,691,국산 2026-09
르노,필랑트,591,국산 2026-09
쉐보레,트랙스 크로스오버,588,국산 2026-09
현대,포터2 일렉트릭,575,국산 2026-09
현대,더 뉴 아이오닉 6,522,국산 2026-09
기아,EV4,498,국산 2026-09
현대,캐스퍼 일렉트릭,478,국산 2026-09
KGM,티볼리,428,국산 2026-09
기아,EV6,410,국산 2026-09
기아,타스만,404,국산 2026-09
KGM,뉴 토레스,397,국산 2026-09
기아,버스/특수,364,국산 2026-09
제네시스,G90,348,국산 2026-09
KGM,액티언,347,국산 2026-09
현대,디 올 뉴 넥쏘,326,국산 2026-09
현대,아반떼,294,국산 2026-09
기아,EV9,289,국산 2026-09
현대,코나 일렉트릭,267,국산 2026-09
기아,봉고 3 EV,221,국산 2026-09
현대,베뉴,146,국산 2026-09
현대,ST1,145,국산 2026-09
제네시스,Electrified GV70,124,국산 2026-09
쉐보레,트레일블레이저,121,국산 2026-09
제네시스,G70,116,국산 2026-09
KGM,무쏘 EV,107,국산 2026-09
제네시스,Electrified G80,93,국산 2026-09
KGM,렉스턴 뉴 아레나,86,국산 2026-09
제네시스,GV60,85,국산 2026-09
현대,아반떼 N,66,국산 2026-09
기아,K9,61,국산 2026-09
현대,아이오닉 6 N,23,국산 2026-09
KGM,토레스 EVX,18,국산 2026-09
제네시스,GV60 MAGMA,14,국산 2026-09
현대,아이오닉 5 N,2,국산 2026-09
테슬라,Model Y,9638,수입 2026-08
BMW,5 Series,1902,수입 2026-08
벤츠,E-Class,1418,수입 2026-08
BYD,Dolphin,1202,수입 2026-08
BYD,SEALION 7,819,수입 2026-08
테슬라,Model 3,693,수입 2026-08
BMW,X3,638,수입 2026-08
벤츠,GLC-Class,591,수입 2026-08
BYD,SEALION 6 DM-i,500,수입 2026-08
BMW,X5,485,수입 2026-08
BMW,3 Series,468,수입 2026-08
벤츠,The New S-Class,464,수입 2026-08
