checked_at,rank,brand,model,vehicle,doc_type,url,changed,old_sha256,error,verification_status,verification_detail,status_code,content_type,content_length,sha256,last_modified,etag
2026-10-02T01:39:08,1,테슬라,Model Y,테슬라 Model Y,가격표,https://www.tesla.com/ko_kr/modely/design,N,,,BROWSER_REQUIRED,브라우저에서 공식 페이지 확인,BROWSER_REQUIRED,browser-only/html,0,,,
2026-10-02T01:39:09,2,기아,쏘렌토,기아 쏘렌토,가격표,https://www.kia.com/content/dam/kwp/kr/ko/vehicles/pdf/price/price_sorento.pdf,N,a1b5a662710e5c64e73155f179f28031388b9d310ba2a011b85c109b4fb2ebb9,,MATCHED,문서 내 차종 확인: SORENTO,200,application/pdf,2900828,a1b5a662710e5c64e73155f179f28031388b9d310ba2a011b85c109b4fb2ebb9,"Wed, 30 Sep 2026 07:10:09 GMT","""2c435c-65cadfd4c5640"""
2026-10-02T01:39:10,3,현대,더 뉴 그랜저,현대 더 뉴 그랜저,가격표,https://www.hyundai.com/contents/repn-car/catalog/the-new-grandeur-price.pdf,N,995848183590d05e4d3b63d95fde2e12d68f9018c19a5ccb799d4da542c8aa93,,MATCHED,문서 내 차종 확인: 그랜저,200,application/pdf,434999,995848183590d05e4d3b63d95fde2e12d68f9018c19a5ccb799d4da542c8aa93,"Wed, 30 Sep 2026 08:34:52 GMT","""6a337-65caf2c4bf7ae"""
2026-10-02T01:39:12,3,현대,더 뉴 그랜저,현대 더 뉴 그랜저,추가PDF,https://www.hyundai.com/contents/repn-car/catalog/the-new-grandeur-catalog.pdf,N,cfd1907e5dd4a16ccaae561bca5a0e87015968d27d4eb07cecc4786680377c88,,MATCHED,문서 내 차종 확인: 그랜저,200,application/pdf,6697118,cfd1907e5dd4a16ccaae561bca5a0e87015968d27d4eb07cecc4786680377c88,"Wed, 30 Sep 2026 08:30:53 GMT","""66309e-65caf1e0c3387"""
2026-10-02T01:39:12,4,기아,카니발,기아 카니발,가격표,https://www.kia.com/content/dam/kwp/kr/ko/vehicles/pdf/price/price_carnival.pdf,N,af9c0bebefa5261ca5eb609d4f11d541ecbc36ea5d6ceef8a36f2d03c502cf5a,,MATCHED,문서 내 차종 확인: CARNIVAL,200,application/pdf,1802458,af9c0bebefa5261ca5eb609d4f11d541ecbc36ea5d6ceef8a36f2d03c502cf5a,"Wed, 30 Sep 2026 07:10:10 GMT","""1b80da-65cadfd5b9880"""
2026-10-02T01:39:13,5,기아,스포티지,기아 스포티지,가격표,https://www.kia.com/content/dam/kwp/kr/ko/vehicles/pdf/price/price_sportage.pdf,N,84a4a9701f4fafa626ec1f8797801580036f562e93e07f8b3b1d2ed33069fe7e,,MATCHED,문서 내 차종 확인: SPORTAGE,200,application/pdf,6012291,84a4a9701f4fafa626ec1f8797801580036f562e93e07f8b3b1d2ed33069fe7e,"Wed, 30 Sep 2026 07:10:09 GMT","""5bbd83-65cadfd4c5640"""
2026-10-02T01:39:14,6,현대,포터2,현대 포터2,가격표,https://www.hyundai.com/contents/repn-car/catalog/porter2-2026-price.pdf,N,d63cc16875919a4bf603057ed8646bf3391825b7df4d293c7121473de6573f35,,MATCHED,문서 내 차종 확인: 포터,200,application/pdf,293967,d63cc16875919a4bf603057ed8646bf3391825b7df4d293c7121473de6573f35,"Wed, 30 Sep 2026 08:34:52 GMT","""47c4f-65caf2c4b632a"""
2026-10-02T01:39:15,6,현대,포터2,현대 포터2,추가PDF,https://www.hyundai.com/contents/repn-car/catalog/porter2-catalog.pdf,N,85ab3d9972339a130d7affee4a11b702227cbf7ce47b47848c54ebab1843b36d,,MATCHED,문서 내 차종 확인: PORTER,200,application/pdf,2892898,85ab3d9972339a130d7affee4a11b702227cbf7ce47b47848c54ebab1843b36d,"Wed, 30 Sep 2026 08:30:37 GMT","""2c2462-65caf1d150262"""
2026-10-02T01:39:15,7,현대,싼타페,현대 싼타페,가격표,https://www.hyundai.com/contents/repn-car/catalog/santafe-2026-price.pdf,N,5e6f86e67df1029bd428cbd7d7ad55271c70fc9cbee7e93d1c91dd353aff8ac7,,MATCHED,문서 내 차종 확인: 싼타페,200,application/pdf,1040987,5e6f86e67df1029bd428cbd7d7ad55271c70fc9cbee7e93d1c91dd353aff8ac7,"Wed, 30 Sep 2026 08:34:52 GMT","""fe25b-65caf2c4b920d"""
2026-10-02T01:39:16,7,현대,싼타페,현대 싼타페,추가PDF,https://www.hyundai.com/contents/repn-car/catalog/santafe-catalog.pdf,N,4cd9535be0fc3068f7d85595926b0119fa68c338856b691478d4b26e7bb40a24,,MATCHED,문서 내 차종 확인: 싼타페,200,application/pdf,14875716,4cd9535be0fc3068f7d85595926b0119fa68c338856b691478d4b26e7bb40a24,"Wed, 30 Sep 2026 08:30:45 GMT","""e2fc44-65caf1d92bdbf"""
2026-10-02T01:39:17,8,기아,셀토스,기아 셀토스,가격표,https://www.kia.com/content/dam/kwp/kr/ko/vehicles/pdf/price/price_seltos.pdf,N,27d63010f0d53fdc3a80354953df9edab85994522c2111270036612fa471e5e6,,MATCHED,문서 내 차종 확인: SELTOS,200,application/pdf,2211221,27d63010f0d53fdc3a80354953df9edab85994522c2111270036612fa471e5e6,"Wed, 30 Sep 2026 07:10:08 GMT","""21bd95-65cadfd3d1400"""
2026-10-02T01:39:18,9,기아,EV3,기아 EV3,가격표,https://www.kia.com/content/dam/kwp/kr/ko/vehicles/pdf/price/price_ev3.pdf,N,a2b9f19fbddd2d117d0c0c87c8ed1ddfd2056cd886048ae70c5ac1f69670284d,,MATCHED,문서 내 차종 확인: EV3,200,application/pdf,2043492,a2b9f19fbddd2d117d0c0c87c8ed1ddfd2056cd886048ae70c5ac1f69670284d,"Wed, 30 Sep 2026 07:10:10 GMT","""1f2e64-65cadfd5b9880"""
2026-10-02T01:39:19,10,기아,EV5,기아 EV5,가격표,https://www.kia.com/content/dam/kwp/kr/ko/vehicles/pdf/price/price_ev5.pdf,N,35d031d41e483b757210477de02f5c068798da24b8a078edf4ea6e10a05a4edc,,MATCHED,문서 내 차종 확인: EV5,200,application/pdf,2508480,35d031d41e483b757210477de02f5c068798da24b8a078edf4ea6e10a05a4edc,"Wed, 30 Sep 2026 07:10:12 GMT","""2646c0-65cadfd7a1d00"""
2026-10-02T01:39:20,11,현대,쏘나타 디 엣지,현대 쏘나타 디 엣지,가격표,https://www.hyundai.com/contents/repn-car/catalog/sonata-the-edge2026-price.pdf,N,ec76bd1d484e39ca62e611ea4638eb5fb739c418ad0775aabdd55e6cab552c75,,MATCHED,문서 내 차종 확인: 쏘나타,200,application/pdf,680085,ec76bd1d484e39ca62e611ea4638eb5fb739c418ad0775aabdd55e6cab552c75,"Wed, 30 Sep 2026 08:34:52 GMT","""a6095-65caf2c4bb926"""
2026-10-02T01:39:20,11,현대,쏘나타 디 엣지,현대 쏘나타 디 엣지,추가PDF,https://www.hyundai.com/contents/repn-car/catalog/sonata-the-edge_catalog.pdf,N,00417696be803aa963238da7eb0b9dae7cf8e747e4801b6b0791c630d9296e85,,MATCHED,문서 내 차종 확인: 쏘나타,200,application/pdf,5067634,00417696be803aa963238da7eb0b9dae7cf8e747e4801b6b0791c630d9296e85,"Wed, 30 Sep 2026 08:30:48 GMT","""4d5372-65caf1dc883c4"""
2026-10-02T01:39:21,12,기아,레이,기아 레이,가격표,https://www.kia.com/content/dam/kwp/kr/ko/vehicles/pdf/price/price_ray.pdf,N,4492d90c555220e3b4c46424a4809d12b6341227915d1c45b4cbe4c45213f2ef,,MATCHED,문서 내 차종 확인: 레이,200,application/pdf,1764689,4492d90c555220e3b4c46424a4809d12b6341227915d1c45b4cbe4c45213f2ef,"Wed, 30 Sep 2026 07:10:08 GMT","""1aed51-65cadfd3d1400"""
2026-10-02T01:39:22,13,기아,봉고 3,기아 봉고 3,가격표,https://www.kia.com/content/dam/kwp/kr/ko/vehicles/pdf/price/price_bongo3.pdf,N,77afa325eb25b22032c25cf6a37de960265939f77c5054f0b5554756b8e86170,,MATCHED,문서 내 차종 확인: 봉고,200,application/pdf,788153,77afa325eb25b22032c25cf6a37de960265939f77c5054f0b5554756b8e86170,"Mon, 31 Aug 2026 07:38:21 GMT","""c06b9-65a52e2e8f540"""
2026-10-02T01:39:23,14,기아,K8,기아 K8,가격표,https://www.kia.com/content/dam/kwp/kr/ko/vehicles/pdf/price/price_k8.pdf,N,64aa4d4ba28e6a82ee90c3f9f81031a48812a7fc8520194cc84ae307647603cf,,MATCHED,문서 내 차종 확인: K8,200,application/pdf,3629274,64aa4d4ba28e6a82ee90c3f9f81031a48812a7fc8520194cc84ae307647603cf,"Wed, 30 Sep 2026 07:10:14 GMT","""3760da-65cadfd98a180"""
2026-10-02T01:39:24,15,기아,K5,기아 K5,가격표,https://www.kia.com/content/dam/kwp/kr/ko/vehicles/pdf/price/price_k5.pdf,N,279afce3aa82d39675022b21a96ddffe9c55ce0df54fec351d048915c4c874eb,,MATCHED,문서 내 차종 확인: K5,200,application/pdf,1211615,279afce3aa82d39675022b21a96ddffe9c55ce0df54fec351d048915c4c874eb,"Wed, 30 Sep 2026 07:10:13 GMT","""127cdf-65cadfd895f40"""
2026-10-02T01:39:49,16,BMW,5 Series,BMW 5 Series,가격표,https://www.bmw.co.kr/content/dam/bmw/marketKR/bmw_co_kr/Pricelist/august_2026_pricelist.pdf.asset.1787055301974.pdf,N,,"HTTPSConnectionPool(host='www.bmw.co.kr', port=443): Read timed out. (read timeout=25)",ERROR,"HTTPSConnectionPool(host='www.bmw.co.kr', port=443): Read timed out. (read timeout=25)",ERROR,,0,,,
2026-10-02T01:39:50,17,현대,디 올 뉴 팰리세이드,현대 디 올 뉴 팰리세이드,가격표,https://www.hyundai.com/contents/repn-car/catalog/palisade-2027-price.pdf,N,43ce8edaa5e677d8ed25788d32ccc221e6f8cac5d613bb27ee7c005b7ae3d986,,MATCHED,문서 내 차종 확인: 팰리세이드,200,application/pdf,678272,43ce8edaa5e677d8ed25788d32ccc221e6f8cac5d613bb27ee7c005b7ae3d986,"Wed, 30 Sep 2026 08:34:52 GMT","""a5980-65caf2c4b4bb9"""
2026-10-02T01:39:51,17,현대,디 올 뉴 팰리세이드,현대 디 올 뉴 팰리세이드,추가PDF,https://www.hyundai.com/contents/repn-car/catalog/the-all-new-palisade-catalog.pdf,N,d31ddbe09903bbc5cf3fb8b2817904bd505340d37d5c47c9aceec3d0e8f3db20,,MATCHED,문서 내 차종 확인: 팰리세이드,200,application/pdf,4640868,d31ddbe09903bbc5cf3fb8b2817904bd505340d37d5c47c9aceec3d0e8f3db20,"Fri, 31 Jul 2026 08:11:07 GMT","""46d064-657e3bb0a3efc"""
2026-10-02T01:39:51,18,기아,PV5,기아 PV5,가격표,https://www.kia.com/content/dam/kwp/kr/ko/vehicles/pdf/price/price_pv5-cargo.pdf,N,e43203efb3e61439eddd11e92b2cbea1034fcf4d3f6e6d280adef8c0e2f46574,,MATCHED,문서 내 차종 확인: PV5,200,application/pdf,3619391,e43203efb3e61439eddd11e92b2cbea1034fcf4d3f6e6d280adef8c0e2f46574,"Wed, 30 Sep 2026 07:10:07 GMT","""373a3f-65cadfd2dd1c0"""
2026-10-02T01:39:52,18,기아,PV5,기아 PV5,추가PDF,https://www.kia.com/content/dam/kwp/kr/ko/vehicles/pdf/price/price_pv5-passenger.pdf,N,b7c024659c6be5252f64c1b9a96a44e965df62c9ead884bcb8e78a31f06e87c4,,MATCHED,문서 내 차종 확인: PV5,200,application/pdf,7914208,b7c024659c6be5252f64c1b9a96a44e965df62c9ead884bcb8e78a31f06e87c4,"Wed, 30 Sep 2026 07:10:08 GMT","""78c2e0-65cadfd3d1400"""
2026-10-02T01:39:53,19,현대,더 뉴 스타리아,현대 더 뉴 스타리아,가격표,https://www.hyundai.com/contents/repn-car/catalog/the-new-staria_price.pdf,N,dbbd5ce7d0f366c55617f1b561472026171299bce1e3b05d65884f3539a10805,,MATCHED,문서 내 차종 확인: 스타리아,200,application/pdf,725714,dbbd5ce7d0f366c55617f1b561472026171299bce1e3b05d65884f3539a10805,"Wed, 30 Sep 2026 08:34:52 GMT","""b12d2-65caf2c4c0f06"""
2026-10-02T01:39:55,19,현대,더 뉴 스타리아,현대 더 뉴 스타리아,추가PDF,https://www.hyundai.com/contents/repn-car/catalog/the-new-staria_catalog.pdf,N,ed50a4069e628f6bb05890a3be6047d91cdb4f2467dd72aae376bd3e6e617968,,MATCHED,문서 내 차종 확인: 스타리아,200,application/pdf,14470163,ed50a4069e628f6bb05890a3be6047d91cdb4f2467dd72aae376bd3e6e617968,"Wed, 30 Sep 2026 08:30:58 GMT","""dccc13-65caf1e52414e"""
2026-10-02T01:39:55,20,현대,버스/트럭,현대 버스/트럭,가격표,https://www.hyundai.com/kr/ko/c/purchase-guid/catalog,N,,,OFFICIAL_PAGE,공식 가격/다운로드 페이지,200,text/html; charset=UTF-8,0,,,
2026-10-02T01:39:55,21,벤츠,E-Class,벤츠 E-Class,가격표,https://www.mercedes-benz.co.kr/passengercars/models/price-list.html,N,,,BROWSER_REQUIRED,브라우저에서 공식 페이지 확인,BROWSER_REQUIRED,browser-only/html,0,,,
2026-10-02T01:39:55,21,벤츠,E-Class,벤츠 E-Class,추가PDF,https://www.mercedes-benz.co.kr/passengercars/models/saloon/e-class/overview.html,N,,,BROWSER_REQUIRED,브라우저에서 공식 페이지 확인,BROWSER_REQUIRED,browser-only/html,0,,,
2026-10-02T01:39:56,22,기아,모닝,기아 모닝,가격표,https://www.kia.com/content/dam/kwp/kr/ko/vehicles/pdf/price/price_morning.pdf,N,adb0464a410780776c8d296bf451a942dfab9bcf59666a6abf68fd1bbf2a4c04,,MATCHED,문서 내 차종 확인: 모닝,200,application/pdf,1184002,adb0464a410780776c8d296bf451a942dfab9bcf59666a6abf68fd1bbf2a4c04,"Wed, 30 Sep 2026 07:10:06 GMT","""121102-65cadfd1e8f80"""
2026-10-02T01:39:57,23,제네시스,G80,제네시스 G80,가격표,https://www.genesis.com/kr/ko/support/download-center/genesis-models.html?chngcaropt=000076,N,,,OFFICIAL_PAGE,공식 가격/다운로드 페이지,200,text/html;charset=utf-8,0,,,
2026-10-02T01:39:58,24,현대,아이오닉 5,현대 아이오닉 5,가격표,https://www.hyundai.com/contents/repn-car/catalog/ioniq-5-2027-price.pdf,N,6c294ea01d3b16e10b83e4e4d74e210f39310b3e84e49f64f0cea6b89c5de26b,,MATCHED,문서 내 차종 확인: 아이오닉 5,200,application/pdf,440756,6c294ea01d3b16e10b83e4e4d74e210f39310b3e84e49f64f0cea6b89c5de26b,"Wed, 30 Sep 2026 08:34:52 GMT","""6b9b4-65caf2c4ada9e"""
2026-10-02T01:39:58,24,현대,아이오닉 5,현대 아이오닉 5,추가PDF,https://www.hyundai.com/contents/repn-car/catalog/ioniq5-catalog.pdf,N,52a0036f5d3eb57a4505c501ab39975aedff7fbb9f9b7993e3fbcf13f27b2ef7,,MATCHED,문서 내 차종 확인: 아이오닉 5,200,application/pdf,3634909,52a0036f5d3eb57a4505c501ab39975aedff7fbb9f9b7993e3fbcf13f27b2ef7,"Wed, 30 Sep 2026 08:30:21 GMT","""3776dd-65caf1c2c09b9"""
2026-10-02T01:39:59,25,제네시스,GV70,제네시스 GV70,가격표,https://www.genesis.com/kr/ko/support/download-center/genesis-models.html?chngcaropt=000119,N,,,OFFICIAL_PAGE,공식 가격/다운로드 페이지,200,text/html;charset=utf-8,0,,,
2026-10-02T01:40:00,26,제네시스,GV80,제네시스 GV80,가격표,https://www.genesis.com/kr/ko/support/download-center/genesis-models.html?chngcaropt=000072,N,,,OFFICIAL_PAGE,공식 가격/다운로드 페이지,200,text/html;charset=utf-8,0,,,
2026-10-02T01:40:02,27,BYD,Dolphin,BYD Dolphin,가격표,https://www.bydauto.kr/purchase/build-my-car/dolphin,N,,,OFFICIAL_PAGE,공식 가격/다운로드 페이지,200,text/html;charset=UTF-8,0,,,
2026-10-02T01:40:05,27,BYD,Dolphin,BYD Dolphin,추가PDF,https://www.bydauto.kr/static/file/BYD_DOLPHIN_Catalog.pdf,N,ccc84d909cce170343947de1bef818372689e0d1a821731131dad8d2838e64fb,,MATCHED,문서 내 차종 확인: Dolphin,200,application/pdf,1230469,ccc84d909cce170343947de1bef818372689e0d1a821731131dad8d2838e64fb,"Mon, 24 Aug 2026 00:39:08 GMT","""12c685-659c036c90300"""
2026-10-02T01:40:06,28,기아,레이 EV,기아 레이 EV,가격표,https://www.kia.com/content/dam/kwp/kr/ko/vehicles/pdf/price/price_ray-ev.pdf,N,ca35e0cd0641a12a5f2979f8a2f23b9bf9977a464eaf1f21cb5b3515acff7f6e,,MATCHED,문서 내 차종 확인: RAY EV,200,application/pdf,1561739,ca35e0cd0641a12a5f2979f8a2f23b9bf9977a464eaf1f21cb5b3515acff7f6e,"Wed, 30 Sep 2026 07:10:08 GMT","""17d48b-65cadfd3d1400"""
2026-10-02T01:40:08,28,기아,레이 EV,기아 레이 EV,추가PDF,https://www.kia.com/content/dam/kwp/kr/ko/vehicles/pdf/catalog/catalog_ray-ev.pdf,N,3b56773f5ea8a444958a4c14ecf037b9f7881ef8d54b23a0cd3e4d12b6f14c47,,MATCHED,문서 내 차종 확인: RAY EV,200,application/pdf,5620427,3b56773f5ea8a444958a4c14ecf037b9f7881ef8d54b23a0cd3e4d12b6f14c47,"Mon, 31 Aug 2026 07:33:23 GMT","""55c2cb-65a52d125d6c0"""
2026-10-02T01:40:09,29,기아,니로,기아 니로,가격표,https://www.kia.com/content/dam/kwp/kr/ko/vehicles/pdf/price/price_niro.pdf,N,81a50705663cddaaf59492469fc651648472419fa24768d90bba27b18d72039b,,MATCHED,문서 내 차종 확인: NIRO,200,application/pdf,1937661,81a50705663cddaaf59492469fc651648472419fa24768d90bba27b18d72039b,"Wed, 30 Sep 2026 07:10:06 GMT","""1d90fd-65cadfd1e8f80"""
2026-10-02T01:40:10,30,르노,그랑 콜레오스,르노 그랑 콜레오스,가격표,https://www.renault.co.kr/upload/asset/price/price_koleos_202609.pdf,N,,,ERROR,HTTP 403,403,text/html,0,,,
2026-10-02T01:40:11,31,BYD,SEALION 7,BYD SEALION 7,가격표,https://www.bydauto.kr/purchase/build-my-car/sealion7,N,,,OFFICIAL_PAGE,공식 가격/다운로드 페이지,200,text/html;charset=UTF-8,0,,,
2026-10-02T01:40:17,31,BYD,SEALION 7,BYD SEALION 7,추가PDF,https://www.bydauto.kr/static/file/BYD_SEALION_7_Catalog.pdf,N,eb4746d5e95097e20e65ff2ca14b713ea5a16d1d30aad4e37a08f63425b22c12,,TEXT_UNAVAILABLE,PDF 글자 인식이 불완전해 수동 확인 필요,200,application/pdf,10301386,eb4746d5e95097e20e65ff2ca14b713ea5a16d1d30aad4e37a08f63425b22c12,"Tue, 01 Sep 2026 00:24:19 GMT","""9d2fca-65a60f086f2c0"""
2026-10-02T01:40:17,32,현대,아반떼,현대 아반떼,가격표,https://www.hyundai.com/contents/repn-car/catalog/avante-2026-price.pdf,N,5fd3e87f58a10eba9de6e0c66ecb1661a43af125685630d72c13ec8d3e198bea,,MATCHED,문서 내 차종 확인: 아반떼,200,application/pdf,858170,5fd3e87f58a10eba9de6e0c66ecb1661a43af125685630d72c13ec8d3e198bea,"Fri, 31 Jul 2026 08:30:30 GMT","""d183a-657e4006182ef"""
2026-10-02T01:40:18,33,현대,아이오닉 9,현대 아이오닉 9,가격표,https://www.hyundai.com/contents/repn-car/catalog/ioniq9-2027-price.pdf,N,8f5bdbb6da6d87d5e834ec49a43b6253e8a0c2b57a848e89c1893474493fd125,,MATCHED,문서 내 차종 확인: 아이오닉 9,200,application/pdf,854046,8f5bdbb6da6d87d5e834ec49a43b6253e8a0c2b57a848e89c1893474493fd125,"Wed, 30 Sep 2026 08:34:52 GMT","""d081e-65caf2c4b150d"""
2026-10-02T01:40:19,33,현대,아이오닉 9,현대 아이오닉 9,추가PDF,https://www.hyundai.com/contents/repn-car/catalog/ioniq9-catalog.pdf,N,ace0ec3c6e28bf485faf5d787338d6e271f8e2eb615f267dd32e0f408345ff8a,,MATCHED,문서 내 차종 확인: 아이오닉 9,200,application/pdf,12384035,ace0ec3c6e28bf485faf5d787338d6e271f8e2eb615f267dd32e0f408345ff8a,"Wed, 30 Sep 2026 08:30:25 GMT","""bcf723-65caf1c5e8b4e"""
2026-10-02T01:40:19,34,현대,코나,현대 코나,가격표,https://www.hyundai.com/contents/repn-car/catalog/kona-2027-price.pdf,N,db0713e1e42cfd6b71f5b2b342cd8d6f56a62887768c5ecdab0205dd59376ed6,,MATCHED,문서 내 차종 확인: 코나,200,application/pdf,460823,db0713e1e42cfd6b71f5b2b342cd8d6f56a62887768c5ecdab0205dd59376ed6,"Wed, 30 Sep 2026 08:48:49 GMT","""70817-65caf5e29030e"""
2026-10-02T01:40:21,34,현대,코나,현대 코나,추가PDF,https://www.hyundai.com/contents/repn-car/catalog/kona-catalog.pdf,N,7ce6b4fadfca38a98e9e5a919b102e221024b6f3b195429fd2ed00c511df5258,,MATCHED,문서 내 차종 확인: 코나,200,application/pdf,12409242,7ce6b4fadfca38a98e9e5a919b102e221024b6f3b195429fd2ed00c511df5258,"Wed, 30 Sep 2026 08:30:27 GMT","""bd599a-65caf1c821523"""
2026-10-02T01:40:21,35,기아,EV4,기아 EV4,가격표,https://www.kia.com/content/dam/kwp/kr/ko/vehicles/pdf/price/price_ev4.pdf,N,77e9de302e9cd37f5356e68fdfa9f72adbc9266821b5503597317b01e2e551c1,,MATCHED,문서 내 차종 확인: EV4,200,application/pdf,1638240,77e9de302e9cd37f5356e68fdfa9f72adbc9266821b5503597317b01e2e551c1,"Wed, 30 Sep 2026 07:10:11 GMT","""18ff60-65cadfd6adac0"""
2026-10-02T01:40:23,36,현대,캐스퍼,현대 캐스퍼,가격표,https://m.casper.hyundai.com/wcontents/repn-car/catalog/AX04/AX_The_new_CASPER_price.pdf,N,a406192529de26e65070a68de75ab843934159e66711fb64fd9821a0b5b3ea8c,,MATCHED,문서 내 차종 확인: CASPER,200,application/pdf,409297,a406192529de26e65070a68de75ab843934159e66711fb64fd9821a0b5b3ea8c,"Mon, 02 Dec 2024 00:58:39 GMT","""674d063f-63ed1"""
2026-10-02T01:40:23,37,테슬라,Model 3,테슬라 Model 3,가격표,https://www.tesla.com/ko_kr/model3,N,,,BROWSER_REQUIRED,브라우저에서 공식 페이지 확인,BROWSER_REQUIRED,browser-only/html,0,,,
2026-10-02T01:40:48,38,BMW,X3,BMW X3,가격표,https://www.bmw.co.kr/content/dam/bmw/marketKR/bmw_co_kr/Pricelist/august_2026_pricelist.pdf.asset.1787055301974.pdf,N,,"HTTPSConnectionPool(host='www.bmw.co.kr', port=443): Read timed out. (read timeout=25)",ERROR,"HTTPSConnectionPool(host='www.bmw.co.kr', port=443): Read timed out. (read timeout=25)",ERROR,,0,,,
2026-10-02T01:40:49,39,쉐보레,트랙스 크로스오버,쉐보레 트랙스 크로스오버,가격표,https://www.chevrolet.co.kr/content/dam/chevrolet/as/kr/ko/index/finance/type-price/2026/10-pdf/2026%EB%85%84-9%EC%9B%94-%EC%A0%84%EC%B0%A8%EC%A2%85-%EA%B0%80%EA%B2%A9%ED%91%9C.pdf,N,462dc98963578ee5f59f7272301396e78b78be02321ad413d6ac54d3aad8191c,,MATCHED,문서 내 차종 확인: 트랙스,200,application/pdf,3436906,462dc98963578ee5f59f7272301396e78b78be02321ad413d6ac54d3aad8191c,"Wed, 26 Aug 2026 04:24:06 GMT","""0x8DF0329DDEBEE90"""
2026-10-02T01:40:50,40,현대,디 올 뉴 아반떼,현대 디 올 뉴 아반떼,가격표,https://www.hyundai.com/contents/repn-car/catalog/the-all-new-avante_price.pdf,N,14ab243cf35d22b4b6d734416a912d9885ef4400e4044dedb9622ccd16df50cd,,MATCHED,문서 내 차종 확인: 아반떼,200,application/pdf,413319,14ab243cf35d22b4b6d734416a912d9885ef4400e4044dedb9622ccd16df50cd,"Wed, 30 Sep 2026 08:34:52 GMT","""64e87-65caf2c4bd87f"""
2026-10-02T01:40:51,40,현대,디 올 뉴 아반떼,현대 디 올 뉴 아반떼,추가PDF,https://www.hyundai.com/contents/repn-car/catalog/the-all-new-avante-catalog.pdf,N,bde78c8e65667e073c0fd66f7cca7d00d72215745754fa6492fbbd488ef71d05,,MATCHED,문서 내 차종 확인: 아반떼,200,application/pdf,4482704,bde78c8e65667e073c0fd66f7cca7d00d72215745754fa6492fbbd488ef71d05,"Wed, 30 Sep 2026 08:30:51 GMT","""446690-65caf1deee38c"""
2026-10-02T01:40:51,41,벤츠,GLC-Class,벤츠 GLC-Class,가격표,https://www.mercedes-benz.co.kr/passengercars/models/price-list.html,N,,,BROWSER_REQUIRED,브라우저에서 공식 페이지 확인,BROWSER_REQUIRED,browser-only/html,0,,,
2026-10-02T01:40:51,41,벤츠,GLC-Class,벤츠 GLC-Class,추가PDF,https://www.mercedes-benz.co.kr/passengercars/models/suv/glc/overview.html,N,,,BROWSER_REQUIRED,브라우저에서 공식 페이지 확인,BROWSER_REQUIRED,browser-only/html,0,,,
2026-10-02T01:40:53,42,KGM,티볼리,KGM 티볼리,가격표,https://www.kg-mobility.com/attached/contents/display/file/2000001000100070004/20260828134154903_srUygq.pdf,N,739208b2660ea59b56dd292821d45f52d9ecb08ae4119172cb15fb6dcda29fa0,,MATCHED,문서 내 차종 확인: 티볼리,200,application/pdf,424798,739208b2660ea59b56dd292821d45f52d9ecb08ae4119172cb15fb6dcda29fa0,"Fri, 28 Aug 2026 04:41:55 GMT","W/""db53137212742fc79a52cf4eb92160ed"""
2026-10-02T01:40:56,43,르노,아르카나,르노 아르카나,가격표,https://www.renault.co.kr/upload/asset/price/price_Arkana_202609.pdf,N,,,ERROR,HTTP 403,403,text/html,0,,,
2026-10-02T01:41:02,43,르노,아르카나,르노 아르카나,추가PDF,https://cdn.renault.co.kr/upload/asset/ebrochure/eBrochure_Arkana_202607.pdf,N,755edd8e746e3b9e50528e88faf6669bfd6c441e7f60936204c14f4761596689,,MATCHED,문서 내 차종 확인: 아르카나,200,application/pdf,24605791,755edd8e746e3b9e50528e88faf6669bfd6c441e7f60936204c14f4761596689,"Tue, 30 Jun 2026 14:55:46 GMT","W/""24605791-1782831346000"""
2026-10-02T01:41:02,44,현대,스타리아 일렉트릭,현대 스타리아 일렉트릭,가격표,https://www.hyundai.com/contents/repn-car/catalog/the-new-staria-electric_price.pdf,N,5751ebb5a518dc794cb3fdb7fc3ae3dab69ebd18b1e5dff6f0d59e9349df1faf,,MATCHED,문서 내 차종 확인: 스타리아,200,application/pdf,504310,5751ebb5a518dc794cb3fdb7fc3ae3dab69ebd18b1e5dff6f0d59e9349df1faf,"Wed, 30 Sep 2026 08:34:52 GMT","""7b1f6-65caf2c4c1aa6"""
2026-10-02T01:41:04,45,KGM,무쏘,KGM 무쏘,가격표,https://www.kg-mobility.com/attached/contents/display/file/2000001000300040001/20260828134320306_jLO34o.pdf,N,5a08c74d410add23bd89ab8282c0f88ab9faa53ed06d73caf5ae470a82e53a65,,MATCHED,문서 내 차종 확인: 무쏘,200,application/pdf,427721,5a08c74d410add23bd89ab8282c0f88ab9faa53ed06d73caf5ae470a82e53a65,"Fri, 28 Aug 2026 04:43:21 GMT","W/""8527ddf1d8296eaf3fd4aacfb73df90f"""
2026-10-02T01:41:05,46,현대,투싼,현대 투싼,가격표,https://www.hyundai.com/contents/repn-car/catalog/tucson-2026-price.pdf,N,2cde03ffd04294acc0a56d0a922fc3640a80beb4b1aad9d747a467767a1f0c28,,MATCHED,문서 내 차종 확인: 투싼,200,application/pdf,520432,2cde03ffd04294acc0a56d0a922fc3640a80beb4b1aad9d747a467767a1f0c28,"Wed, 30 Sep 2026 08:34:52 GMT","""7f0f0-65caf2c4c8c0c"""
2026-10-02T01:41:06,46,현대,투싼,현대 투싼,추가PDF,https://www.hyundai.com/contents/repn-car/catalog/tucson-catalog.pdf,N,2788c2f87c43b01553cf99a34dfc31dd1b891545d4e8cc32701232e6847295cf,,MATCHED,문서 내 차종 확인: 투싼,200,application/pdf,4517799,2788c2f87c43b01553cf99a34dfc31dd1b891545d4e8cc32701232e6847295cf,"Wed, 30 Sep 2026 08:31:19 GMT","""44efa7-65caf1f975405"""
2026-10-02T01:41:07,47,르노,필랑트,르노 필랑트,가격표,https://www.renault.co.kr/upload/asset/price/price_filante_202609.pdf,N,,,ERROR,HTTP 403,403,text/html,0,,,
2026-10-02T01:41:12,47,르노,필랑트,르노 필랑트,추가PDF,https://cdn.renault.co.kr/upload/asset/ebrochure/eBrochure_filante_202607.pdf,N,51323f8dc9104f695bad8b96a11a08ab524250d47e5ac04b43a1a8d1f7fe3eef,,MATCHED,문서 내 차종 확인: 필랑트,200,application/pdf,29591581,51323f8dc9104f695bad8b96a11a08ab524250d47e5ac04b43a1a8d1f7fe3eef,"Tue, 30 Jun 2026 14:55:49 GMT","W/""29591581-1782831349000"""
2026-10-02T01:41:14,48,BYD,SEALION 6 DM-i,BYD SEALION 6 DM-i,가격표,https://www.bydauto.kr/car/byd-sealion6,N,,,OFFICIAL_PAGE,공식 가격/다운로드 페이지,200,text/html;charset=UTF-8,0,,,
2026-10-02T01:41:39,49,BMW,X5,BMW X5,가격표,https://www.bmw.co.kr/content/dam/bmw/marketKR/bmw_co_kr/Pricelist/august_2026_pricelist.pdf.asset.1787055301974.pdf,N,,"HTTPSConnectionPool(host='www.bmw.co.kr', port=443): Read timed out. (read timeout=25)",ERROR,"HTTPSConnectionPool(host='www.bmw.co.kr', port=443): Read timed out. (read timeout=25)",ERROR,,0,,,
2026-10-02T01:41:40,50,현대,포터2 일렉트릭,현대 포터2 일렉트릭,가격표,https://www.hyundai.com/contents/repn-car/catalog/porter2-electric-2026-price.pdf,N,10404e70b621b6a052d364b57102006e23feb3c8214de00cf92af9e5ae210f8d,,MATCHED,문서 내 차종 확인: 포터,200,application/pdf,249123,10404e70b621b6a052d364b57102006e23feb3c8214de00cf92af9e5ae210f8d,"Wed, 30 Sep 2026 08:34:52 GMT","""3cd23-65caf2c4b6b03"""
2026-10-02T01:41:40,50,현대,포터2 일렉트릭,현대 포터2 일렉트릭,추가PDF,https://www.hyundai.com/contents/repn-car/catalog/porter2-electric-catalog.pdf,N,57084d2807ba9171885b6aaba43f73147c2a69fac8a79bc1d1213a1644a9d449,,TEXT_UNAVAILABLE,PDF 글자 인식이 불완전해 수동 확인 필요,200,application/pdf,2904845,57084d2807ba9171885b6aaba43f73147c2a69fac8a79bc1d1213a1644a9d449,"Sat, 29 Nov 2025 03:22:01 GMT","""2c530d-644b33fd4e94a"""
