rank,vehicle,status,image_url,image_file,image_source_url,image_source_type,image_review_status,recommended_action
1,테슬라 Model Y,approved,https://digitalassets.tesla.com/tesla-contents/image/upload/f_auto%2Cq_auto/Model-Y-2-Specs-LR-AWD-Desktop-KR.png,,https://www.tesla.com/ko_kr/modely,official_site,approved,ready
2,현대 더 뉴 그랜저,approved,https://www.hyundaimotorgroup.com/image/upload/asset_library/MDA00000000000078838/72dabdc6092f4644b18f9ece68bd5a1d.jpg,,https://www.hyundaimotorgroup.com/ko/news/hyundai-new-grandeur-design-reveal,official_newsroom,approved,ready
3,기아 쏘렌토,approved,https://www.hyundaimotorgroup.com/image/upload/asset_library/MDA00000000000040413/bca92877fb8e4dc786a40be04246d481.jpg,,https://www.hyundaimotorgroup.com/ko/news/CONT0000000000102538,official_newsroom,approved,ready
4,현대 디 올 뉴 아반떼,approved,https://www.hyundai.com/contents/repn-car/side-45/avante-27fc-45side.png,,https://www.hyundai.com/kr/ko/vehicles/avante,official_site,approved,ready
5,기아 스포티지,approved,https://www.hyundaimotorgroup.com/image/upload/asset_library/MDA00000000000055596/f5032236de1845668952429b49fed1a1.jpg,,https://www.hyundaimotorgroup.com/ko/news/CONT0000000000163986,official_newsroom,approved,ready
6,기아 셀토스,approved,https://www.kia.com/content/dam/kwp/kr/ko/vehicles/represent/krst290/seltos_s_swp.png?imwidth=800,,https://www.kia.com/kr/vehicles/seltos/features,official_site,approved,ready
7,기아 카니발,approved,https://www.hyundaimotorgroup.com/image/upload/asset_library/MDA00000000000066415/a4eacd7bc434453391b974d6ccd14ae7.jpg,,https://www.hyundaimotorgroup.com/ko/news/CONT0000000000183309,official_newsroom,approved,ready
8,현대 쏘나타 디 엣지,approved,https://www.hyundaimotorgroup.com/image/upload/asset_library/MDA00000000000070421/99fc6d4804ec46b2a2ef88726195d0a1.jpg,,https://www.hyundaimotorgroup.com/ko/news/CONT0000000000188025,official_newsroom,approved,ready
9,기아 레이,approved,https://www.kia.com/content/dam/kwp/kr/ko/vehicles/represent/krtm257/ray_s_m9y.png?imwidth=800,,https://www.kia.com/kr/vehicles/ray/features,official_site,approved,ready
10,현대 싼타페,approved,https://www.hyundaimotorgroup.com/image/upload/asset_library/MDA00000000000066001/d794bf4766ef47eb8ad8a13f8e4f80e2.jpg,,https://www.hyundaimotorgroup.com/ko/news/CONT0000000000182689,official_newsroom,approved,ready
11,현대 디 올 뉴 팰리세이드,approved,https://www.hyundai.com/contents/repn-car/side-45/meta-palisade-25fc-45side.png,,https://www.hyundai.com/kr/ko/e/vehicles/palisade/intro,official_site,approved,ready
12,기아 K5,approved,https://www.kia.com/content/dam/kwp/kr/ko/vehicles/represent/krdl308/k5_s_c7s.png?imwidth=800,,https://www.kia.com/kr/vehicles/k5/features,official_site,approved,ready
13,현대 포터2,approved,https://www.hyundai.com/contents/repn-car/side-45/porter2-26my-45side.png,,https://www.hyundai.com/kr/ko/e/vehicles/porter2/intro,official_site,approved,ready
14,기아 모닝,approved,https://www.kia.com/content/dam/kwp/kr/ko/vehicles/represent/krja305/morning_s_a2g.png?imwidth=800,,https://www.kia.com/kr/vehicles/morning/features,official_site,approved,ready
15,기아 EV5,approved,https://www.kia.com/content/dam/kwp/kr/ko/vehicles/represent/krov262/ev5_ovjj5va31_a_swp.png?imwidth=800,,https://www.kia.com/kr/vehicles/ev5/features,official_site,approved,ready
16,기아 봉고 3,approved,https://www.kia.com/content/dam/kwp/kr/ko/vehicles/represent/krb1183/bongo3_s_ud.png?imwidth=800,,https://www.kia.com/kr/vehicles/bongo3/features,official_site,approved,ready
17,현대 버스/트럭,approved,https://www.hyundai.com/ccontents/carmng/KV00000515/mighty-key-visual.jpg,,https://www.hyundai.com/kr/ko/c/products/truck/mighty,official_site,approved,ready
18,현대 더 뉴 스타리아,approved,https://www.hyundai.com/contents/repn-car/side-45/staria-26pe-45side.png,,https://www.hyundai.com/kr/ko/e/vehicles/staria/intro,official_site,approved,ready
19,BMW 5 Series,approved,https://bmw.scene7.com/is/image/BMW/g60_ice_driving-dynamics_dsk_fb_en?fmt=webp&qlt=80&wid=1024,,https://www.bmw.co.kr/ko/all-models/5-series/sedan/bmw-5-series-sedan-overview.html,official_site,approved,ready
20,기아 PV5,approved,https://www.kia.com/content/dam/kwp/kr/ko/vehicles/represent/krw2316/pv5-cargo_s_ud.png?imwidth=800,,https://www.kia.com/kr/vehicles/pv5-cargo/features,official_site,approved,ready
21,제네시스 G80,approved,https://www.hyundaimotorgroup.com/image/upload/asset_library/MDA00000000000074315/3f445ab7d17049a58590275a36392fcb.jpg,,https://www.hyundaimotorgroup.com/ko/news/CONT0000000000198453,official_newsroom,approved,ready
22,제네시스 GV70,approved,https://www.hyundaimotorgroup.com/image/upload/asset_library/MDA00000000000081676/a8c1afe7b6eb4a658cbdd8e83a8d649f.jpg,,https://www.hyundaimotorgroup.com/ko/news/genesis-2027-gv70-graphite-package,official_newsroom,approved,ready
23,현대 투싼,approved,https://www.hyundai.com/contents/repn-car/side-45/tucson-26my-45side.png,,https://www.hyundai.com/kr/ko/e/vehicles/tucson/intro,official_site,approved,ready
24,기아 K8,approved,https://www.kia.com/content/dam/kwp/kr/ko/vehicles/represent/krgl301/k8_s_byg.png?imwidth=800,,https://www.kia.com/kr/vehicles/k8/features,official_site,approved,ready
25,기아 EV3,approved,https://www.kia.com/content/dam/kwp/kr/ko/vehicles/represent/krsv292/ev3_s_ag3.png?imwidth=800,,https://www.kia.com/kr/vehicles/ev3/features,official_site,approved,ready
26,현대 코나,approved,https://www.hyundai.com/contents/repn-car/side-45/kona-27my-45side.png,,https://www.hyundai.com/kr/ko/e/vehicles/kona/intro,official_site,approved,ready
27,벤츠 E-Class,approved,https://www.mercedes-benz.co.kr/content/dam/hq/passengercars/cars/e-class/e-class-saloon-w214-pi/modeloverview/02-2023/images/mercedes-benz-e-class-w214-modeloverview-696x392-02-2023.jpg,,https://www.mercedes-benz.co.kr/passengercars/models/saloon/e-class/overview.html,official_site,approved,ready
28,기아 니로,approved,https://www.kia.com/content/dam/kwp/kr/ko/vehicles/represent/krsg300/niro-hybrid_s_cge.png?imwidth=800,,https://www.kia.com/kr/vehicles/niro/features,official_site,approved,ready
29,제네시스 GV80,approved,https://www.hyundaimotorgroup.com/image/upload/asset_library/MDA00000000000054334/706e5dd2de06414ebec774cad10b8756.jpg,,https://www.hyundaimotorgroup.com/ko/news/CONT0000000000161667,official_newsroom,approved,ready
30,현대 아이오닉 5,approved,https://www.hyundai.com/contents/repn-car/side-45/ioniq5-27my-45side.png,,https://www.hyundai.com/kr/ko/e/vehicles/ioniq5/intro,official_site,approved,ready
31,BYD Dolphin,approved,https://www.bydauto.kr/static/images/model/byd_dolphin/spac_img1_2.png,,https://www.bydauto.kr/car/byd-dolphin,official_site,approved,ready
32,현대 스타리아 일렉트릭,approved,https://www.hyundaimotorgroup.com/image/upload/asset_library/MDA00000000000078578/3aa9d6d72627466db97088b8b69ac5f1.jpg,,https://www.hyundaimotorgroup.com/ko/news/hyundai-motor-company-new-staria-electric-limousine-launch,official_newsroom,approved,ready
33,르노 그랑 콜레오스,approved,https://cdn.renault.co.kr/upload/asset/koleos/main_off.webp,,https://www.renault.co.kr/ko/side/catalog_download.jsp,official_site,approved,ready
34,현대 캐스퍼,approved,https://www.hyundaimotorgroup.com/image/upload/asset_library/MDA00000000000064744/1b6f401b5a914ab9bf3b23b8581aabf9.jpg,,https://www.hyundaimotorgroup.com/ko/news/CONT0000000000180743,official_newsroom,approved,ready
35,기아 레이 EV,approved,https://www.kia.com/content/dam/kwp/kr/ko/vehicles/represent/krtm258/ray-ev_s_eu3.png?imwidth=800,,https://www.kia.com/kr/vehicles/ray-ev/features,official_site,approved,ready
36,BYD SEALION 7,approved,https://www.bydauto.kr/static/images/model/byd_sealion7/spac_img1_2.png,,https://www.bydauto.kr/car/byd-sealion7,official_site,approved,ready
37,현대 아이오닉 9,approved,https://www.hyundai.com/contents/repn-car/side-45/ioniq9-27my-45side.png,,https://www.hyundai.com/kr/ko/e/vehicles/ioniq9/intro,official_site,approved,ready
38,KGM 무쏘,approved,https://www.kg-mobility.com/images/od/musso_2026.png,,https://www.kg-mobility.com/pr/model/show-room/200000100030004,official_site,approved,ready
39,테슬라 Model 3,approved,"https://digitalassets.tesla.com/tesla-contents/image/upload/f_auto,q_auto/Model-3-Premium-Specs-Desktop-Metric-LHD-APAC.png",,https://www.tesla.com/ko_kr/model3,official_site,approved,ready
40,르노 아르카나,approved,https://cdn.renault.co.kr/ko/resource/img/upload/asset/arkana/main/overview_main_pc.webp,,https://cdn.renault.co.kr/ko/model/arkana_overview.jsp?inBanner=RKMgnbOverviewArkana&inSeq=1,official_site,approved,ready
41,BMW X3,approved,https://bmw.scene7.com/is/image/BMW/g45_ice_intro-1%3A16to7?fit=constrain%2C1&fmt=webp&wid=2560,,https://www.bmw.co.kr/ko/all-models/x-series/x3/bmw-x3.html,official_site,approved,ready
42,르노 필랑트,approved,https://cdn.renault.co.kr/ko/resource/img/main/img_banner_filante.webp,,https://cdn.renault.co.kr/ko/model/filante_overview.jsp,official_site,approved,ready
43,벤츠 GLC-Class,approved,https://www.mercedes-benz.co.kr/content/dam/hq/passengercars/cars/glc/suv-x254/modeloverview/images/mercedes-benz-glc-suv-x254-modeloverview-696x392-05-2022.png,,https://www.mercedes-benz.co.kr/passengercars/models/suv/glc/overview.html,official_site,approved,ready
44,쉐보레 트랙스 크로스오버,approved,https://www.chevrolet.co.kr/content/dam/chevrolet/as/kr/ko/index/suvs/2026/trax/masthead/v3/trax-mast-l-xl.jpg?imwidth=1200,,https://www.chevrolet.co.kr/cuvs/trax-crossover,official_site,approved,ready
45,현대 포터2 일렉트릭,approved,https://www.hyundai.com/contents/repn-car/side-45/porter2-electric-26my-45side.png,,https://www.hyundai.com/kr/ko/e/vehicles/porter2-electric/intro,official_site,approved,ready
46,현대 더 뉴 아이오닉 6,approved,https://www.hyundai.com/contents/repn-car/side-45/ioniq6-25fl-45side.png,,https://www.hyundai.com/kr/ko/e/vehicles/the-new-ioniq6/intro,official_site,approved,ready
47,BYD SEALION 6 DM-i,approved,https://www.bydauto.kr/static/images/model/byd_sealion6/spec_img1_2.png,,https://www.bydauto.kr/car/byd-sealion6,official_site,approved,ready
48,기아 EV4,approved,https://www.kia.com/content/dam/kwp/kr/ko/vehicles/represent/krct294/ev4_s_swp.png?imwidth=800,,https://www.kia.com/kr/vehicles/ev4/features,official_site,approved,ready
49,BMW X5,approved,https://bmw.scene7.com/is/image/BMW/BMW-SEPTEMBER2026-OFFERS-X5-xDrive40i?wid=1200&hei=800,,https://www.bmw.co.kr/ko/all-models/x-series/x5/bmw-x5.html,official_site,approved,ready
50,현대 캐스퍼 일렉트릭,approved,https://www.hyundaimotorgroup.com/image/upload/asset_library/MDA00000000000082226/e2ec25b345d3463484e930a94de5f651.jpg,,https://www.hyundaimotorgroup.com/ko/news/hyundai-motor-company-casper-electric-2027,official_newsroom,approved,ready
